Code,Name(s),Purpose,Risk_level,Status,Group,Risk,URL
E100,Curcumin (from turmeric),Yellow-orange,Unknown,Approved in the EU.[9] Approved in the US.[10],colours,updating,Unknown
E101,"Riboflavin (Vitamin B2), formerly called lactoflavin",Yellow-orange,Unknown,Approved in the EU.[9] Approved in the US.[10],colours,updating,Unknown
E101a,Riboflavin-5'-Phosphate,Yellow-orange,Unknown,Approved in the EU.[9],colours,updating,Unknown
E102,Tartrazine (FD&C Yellow 5),Yellow,Unknown,Approved in the EU.[9] Approved in the US.[10],colours,updating,Unknown
E103,Alkannin[11],Red-brown,Unknown,,colours,updating,Unknown
E104,Quinoline Yellow WS,Dull or greenish yellow,Unknown,Restricted use approved in the EU.[9][12],colours,updating,Unknown
E105,Fast Yellow AB,Yellow,Unknown,Forbidden in the EU and US.[13],colours,updating,Unknown
E106,Riboflavin-5-Sodium Phosphate,Yellow,Unknown,,colours,updating,Unknown
E107,Yellow 2G,Yellow,Unknown,,colours,updating,Unknown
E110,"Sunset Yellow FCF (Orange Yellow S, FD&C Yellow 6)",Yellow-orange,Unknown,Restricted use approved in the EU.[9][12],colours,updating,Unknown
,,,Unknown,Banned in Norway.[14],colours,updating,Unknown
,,,Unknown,Products in the EU require warnings and its use is being phased out.[12] Approved in the US.[10],colours,updating,Unknown
E111,Orange GGN,Orange,Unknown,,colours,updating,Unknown
E120,"Cochineal, Carminic acid, Carmine (Natural Red 4)",Crimson,Unknown,Approved in the EU.[9] Approved in the US.[10],colours,updating,Unknown
E121,Citrus Red 2,Orange to pink,Unknown,Approved in the United States only for use in colouring the skin of oranges.[15],colours,updating,Unknown
E122,Carmoisine (azorubine),Red to maroon,Unknown,Approved in the EU.[9],colours,updating,Unknown
,,,Unknown,Undergoing a voluntary phase-out in the UK.,colours,updating,Unknown
,,,Unknown,"Currently banned in Canada, Japan, Norway, USA [citation needed]",colours,updating,Unknown
,,,Unknown,EU currently evaluating health risks.[citation needed],colours,updating,Unknown
E123,Amaranth (FD&C Red 2),Red,Unknown,Approved in the EU.[9] Banned in the United States.[16],colours,updating,Unknown
E124,"Ponceau 4R (Cochineal Red A, Brilliant Scarlet 4R)",Pink,Unknown,Restricted use approved in the EU.[9][12],colours,updating,Unknown
E125,"Ponceau SX, Scarlet GN",Red,Unknown,Only permitted for externally applied drugs and cosmetics in the US.[17][18][19],colours,updating,Unknown
E126,Ponceau 6R,Red,Unknown,,colours,updating,Unknown
E127,Erythrosine (FD&C Red 3),Pink,Unknown,Approved in the EU.[9] Banned in the US.[20],colours,updating,Unknown
E128,Red 2G,Red or pink,Unknown,Not approved in the EU.[12],colours,updating,Unknown
E129,Allura Red AC (FD&C Red 40),Red,Unknown,"Approved in the EU,[9] but banned by individual EU member states: Austria, Belgium, Denmark, France, Germany, and Sweden. Also banned by non-EU countries Norway and Switzerland.[21]",colours,updating,Unknown
,,,Unknown,Undergoing a voluntary phase out in the UK.,colours,updating,Unknown
,,,Unknown,Approved in the US.[10],colours,updating,Unknown
E130,Indanthrene blue RS,Blue,Unknown,,colours,updating,Unknown
E131,Patent Blue V,Sky blue,Unknown,Approved in the EU.[9],colours,updating,Unknown
,,,Unknown,Banned in the US and Australia.[citation needed],colours,updating,Unknown
E132,"Indigo carmine (indigotine, FD&C Blue 2)",Indigo,Unknown,Approved in the EU.[9] Approved in the US.[10],colours,updating,Unknown
E133,Brilliant blue FCF (FD&C Blue 1),Blue,Unknown,Approved in the EU.[9] Approved in the US.[10],colours,updating,Unknown
E140,Chlorophylls and Chlorophyllins:,Green,Unknown,Approved in the EU.[9],colours,updating,Unknown
,(i) Chlorophylls,,Unknown,,colours,updating,Unknown
,(ii) Chlorophyllins,,Unknown,,colours,updating,Unknown
E141,Copper complexes of chlorophylls and chlorophyllins,Green,Unknown,Approved in the EU.[9] Approved in the US.[10],colours,updating,Unknown
,(i) Copper complexes of chlorophylls,,Unknown,,colours,updating,Unknown
,ii) Copper complexes of chlorophyllins,,Unknown,,colours,updating,Unknown
E142,Green S,Green,Unknown,Approved in the EU.[9],colours,updating,Unknown
E143,Fast Green FCF (FD&C Green 3),Turquoise,Unknown,Approved in the US. Banned in the EU.,colours,updating,Unknown
E150a,Plain caramel,Brown,Unknown,Approved in the EU.[9] Approved in the US.[10],colours,updating,Unknown
E150b,Caustic sulfite caramel,Brown,Unknown,Approved in the EU.[9] Approved in the US.[10],colours,updating,Unknown
E150c,Ammonia caramel,Brown,Unknown,Approved in the EU.[9] Approved in the US.[10],colours,updating,Unknown
E150d,Sulfite ammonia caramel,Brown,Unknown,Approved in the EU.[9] Approved in the US.[10],colours,updating,Unknown
E151,"Black PN, Brilliant Black BN",Black,Unknown,Approved in the EU.[9],colours,updating,Unknown
E152,Carbon black (hydrocarbon),Black,Unknown,,colours,updating,Unknown
E153,Vegetable carbon,Black,Unknown,Approved in the EU.[9] Banned in the US.[22],colours,updating,Unknown
E154,Brown FK (kipper brown),Brown,Unknown,Previously approved in the EU for dyeing kippers only: approval withdrawn November 2011.[12],colours,updating,Unknown
E155,Brown HT (chocolate brown HT),Brown,Unknown,Approved in the EU.[9],colours,updating,Unknown
E160a,"Alpha-carotene, Beta-carotene, Gamma-carotene",Yellow-orange to brown,Unknown,Approved in the EU.[9] Only beta-carotene is approved in the US [10],colours,updating,Unknown
E160b,"Annatto, bixin, norbixin",Orange,Unknown,Approved in the EU.[9] Approved in the US.[10],colours,updating,Unknown
E160c,"Paprika oleoresin: 
(i) capsanthin, 
(ii) capsorubin",Red,Unknown,Approved in the EU.[9] Approved in the US.[10],colours,updating,Unknown
E160d,Lycopene,Bright to deep red,Unknown,Restricted use approved in the EU.[9][12] Approved in the US.[10],colours,updating,Unknown
E160e,Beta-apo-8'-carotenal (C 30),Orange-red to yellow,Unknown,Approved in the EU.[9] Approved in the US.[10],colours,updating,Unknown
E160f,Ethyl ester of beta-apo-8'-carotenic acid (C 30),Orange-red to yellow,Unknown,Not approved in the EU.[12],colours,updating,Unknown
E161a,Flavoxanthin,Golden-yellow and brownish,Unknown,,colours,updating,Unknown
E161b,Lutein,Orange-red to yellow,Unknown,Approved in the EU.[9],colours,updating,Unknown
E161c,Cryptoxanthin,Orange-red,Unknown,,colours,updating,Unknown
E161d,Rubixanthin,Orange-red,Unknown,,colours,updating,Unknown
E161e,Violaxanthin,Orange,Unknown,,colours,updating,Unknown
E161f,Rhodoxanthin,Purple,Unknown,,colours,updating,Unknown
E161g,Canthaxanthin,Violet,Unknown,Not approved in the EU.[12] Approved in the US.[10],colours,updating,Unknown
E161h,Zeaxanthin,Orange-red,Unknown,,colours,updating,Unknown
E161i,Citranaxanthin,Deep violet,Unknown,,colours,updating,Unknown
E161j,Astaxanthin,Red,Unknown,,colours,updating,Unknown
E162,"Beetroot Red, Betanin",Red,Unknown,Approved in the EU.[9] Approved in the US.[10],colours,updating,Unknown
E163,Anthocyanins,pH dependent,Unknown,Approved in the EU.[9],colours,updating,Unknown
,,"(Red, green and purple ranges)",Unknown,,colours,updating,Unknown
E164,Saffron,Orange-red[colour?],Unknown,Approved in the US.[10],colours,updating,Unknown
E170,"Calcium carbonate, Chalk",White,Unknown,Approved in the EU.[9],colours,updating,Unknown
E171,Titanium dioxide,White,Unknown,"No longer approved in the EU as of June 2022,[23] due to the identification of potential carcinogenic effects.[24]",colours,updating,Unknown
,,,Unknown,Approved in the US.[10],colours,updating,Unknown
E172,Iron oxides and iron hydroxides,Brown,Unknown,Approved in the EU.[9] Approved in the US for sausage casings.[10],colours,updating,Unknown
E173,Aluminium,Silver to grey,Unknown,Approved in the EU.[9],colours,updating,Unknown
E174,Silver,Silver,Unknown,Approved in the EU.[9],colours,updating,Unknown
E175,Gold,Gold,Unknown,Approved in the EU.[9],colours,updating,Unknown
E180,"Pigment Rubine, Lithol Rubine BK",Red,Unknown,Approved in the EU.[9],colours,updating,Unknown
E181,Tannin,Brown,Unknown,,colours,updating,Unknown
E182,"Orcein, Orchil",Purple,Unknown,,colours,updating,Unknown
E200,Sorbic acid,preservative,Unknown,Approved in the EU.[9],preservatives,updating,Unknown
E201,Sodium sorbate,preservative,Unknown,,preservatives,updating,Unknown
E202,Potassium sorbate,preservative,Unknown,Approved in the EU.[9],preservatives,updating,Unknown
E203,Calcium sorbate,preservative,Unknown,Approved in the EU.[9],preservatives,updating,Unknown
E209,Heptyl p-hydroxybenzoate,preservative,Unknown,,preservatives,updating,Unknown
E210,Benzoic acid,preservative,Unknown,Approved in the EU.[9],preservatives,updating,Unknown
E211,Sodium benzoate,preservative,Unknown,Approved in the EU.[9],preservatives,updating,Unknown
E212,Potassium benzoate,preservative,Unknown,Approved in the EU.[9],preservatives,updating,Unknown
E213,Calcium benzoate,preservative,Unknown,Approved in the EU.[9],preservatives,updating,Unknown
E214,Ethylparaben (ethyl para-hydroxybenzoate),preservative,Unknown,Approved in the EU.[9],preservatives,updating,Unknown
E215,Sodium ethyl para-hydroxybenzoate,preservative,Unknown,Approved in the EU.[9],preservatives,updating,Unknown
E216,Propylparaben (propyl para-hydroxybenzoate),preservative,Unknown,,preservatives,updating,Unknown
E217,Sodium propyl para-hydroxybenzoate,preservative,Unknown,,preservatives,updating,Unknown
E218,Methylparaben (methyl para-hydroxybenzoate),preservative,Unknown,Approved in the EU.[9],preservatives,updating,Unknown
E219,Sodium methyl para-hydroxybenzoate,preservative,Unknown,Approved in the EU.[9],preservatives,updating,Unknown
E220,Sulfur dioxide,preservative,Unknown,Approved in the EU.[9],preservatives,updating,Unknown
E221,Sodium sulfite,preservative,Unknown,Approved in the EU.[9],preservatives,updating,Unknown
E222,Sodium bisulfite (sodium hydrogen sulfite),preservative,Unknown,Approved in the EU.[9],preservatives,updating,Unknown
E223,Sodium metabisulfite,preservative,Unknown,Approved in the EU.[9],preservatives,updating,Unknown
E224,Potassium metabisulfite,preservative,Unknown,Approved in the EU.[9],preservatives,updating,Unknown
E225,Potassium sulfite,preservative,Unknown,,preservatives,updating,Unknown
E226,Calcium sulfite,preservative,Unknown,Approved in the EU.[9],preservatives,updating,Unknown
E227,Calcium hydrogen sulfite (preservative),firming agent,Unknown,Approved in the EU.[9],preservatives,updating,Unknown
E228,Potassium hydrogen sulfite,preservative,Unknown,Approved in the EU.[9],preservatives,updating,Unknown
E230,"Biphenyl, diphenyl",preservative,Unknown,Not approved in the EU.,preservatives,updating,Unknown
E231,Orthophenyl phenol,preservative,Unknown,Not approved in the EU.,preservatives,updating,Unknown
E232,Sodium orthophenyl phenol,preservative,Unknown,Not approved in the EU.,preservatives,updating,Unknown
E233,Thiabendazole,preservative,Unknown,Not approved in the EU.,preservatives,updating,Unknown
E234,Nisin,preservative,Unknown,Approved in the EU.[9],preservatives,updating,Unknown
E235,"Natamycin, Pimaracin",preservative,Unknown,Approved in the EU.[9],preservatives,updating,Unknown
E236,Formic acid,preservative,Unknown,,preservatives,updating,Unknown
E237,Sodium formate,preservative,Unknown,,preservatives,updating,Unknown
E238,Calcium formate,preservative,Unknown,,preservatives,updating,Unknown
E239,Hexamine (hexamethylene tetramine),preservative,Unknown,Approved in the EU.[9],preservatives,updating,Unknown
E240,Formaldehyde,preservative,Unknown,,preservatives,updating,Unknown
E242,Dimethyl dicarbonate,preservative,Unknown,Approved in the EU.[9],preservatives,updating,Unknown
E249,Potassium nitrite,preservative,Unknown,"Approved in the EU.[9] In April 2023 the French Court of Appeals of Limoges confirmed that food-watch NGO Yuka was legally legitimate in describing Potassium Nitrite ""and other nitrates"" E249 to E252 as a ""cancer risk"", and thus rejected an appeal by the French charcuterie industry against the organisation.[25]",preservatives,updating,Unknown
E250,Sodium nitrite,preservative,Unknown,Approved in the EU.[9],preservatives,updating,Unknown
E251,Sodium nitrate (Chile saltpetre),preservative,Unknown,Approved in the EU.[9],preservatives,updating,Unknown
E252,Potassium nitrate (Saltpetre),preservative,Unknown,Approved in the EU.[9],preservatives,updating,Unknown
E260,Acetic acid (preservative),acidity regulator,Unknown,Approved in the EU.[26],preservatives,updating,Unknown
E261,Potassium acetate (preservative),acidity regulator,Unknown,Approved in the EU.[26],preservatives,updating,Unknown
E262,Sodium acetates,"preservative,",Unknown,Approved in the EU.[26],preservatives,updating,Unknown
,(i) Sodium acetate,acidity regulator,Unknown,,preservatives,updating,Unknown
,(ii) Sodium diacetate (sodium hydrogen acetate),,Unknown,,preservatives,updating,Unknown
E263,Calcium acetate (preservative),acidity regulator,Unknown,Approved in the EU.[26],preservatives,updating,Unknown
E264,Ammonium acetate,preservative,Unknown,Approved in Australia and New Zealand[27],preservatives,updating,Unknown
E265,Dehydroacetic acid,preservative,Unknown,,preservatives,updating,Unknown
E266,Sodium dehydroacetate,preservative,Unknown,,preservatives,updating,Unknown
E267,Buffered vinegar,preservative,Unknown,Approved in the EU.[28],preservatives,updating,Unknown
E270,Lactic acid (preservative),antioxidant,Unknown,Approved in the EU.[26],preservatives,updating,Unknown
E280,Propionic acid,preservative,Unknown,Approved in the EU.[9],preservatives,updating,Unknown
E281,Sodium propionate,preservative,Unknown,Approved in the EU.[9],preservatives,updating,Unknown
E282,Calcium propionate,preservative,Unknown,Approved in the EU.[9],preservatives,updating,Unknown
E283,Potassium propionate,preservative,Unknown,Approved in the EU.[9],preservatives,updating,Unknown
E284,Boric acid,preservative,Unknown,Approved in the EU.[9],preservatives,updating,Unknown
E285,Sodium tetraborate (borax),preservative,Unknown,Approved in the EU.[9],preservatives,updating,Unknown
E290,Carbon dioxide,acidity regulator,Unknown,Approved in the EU.[26],preservatives,updating,Unknown
E296,Malic acid (acid),acidity regulator,Unknown,Approved in the EU.[26],preservatives,updating,Unknown
E297,Fumaric acid,acidity regulator,Unknown,Approved in the EU.[26],preservatives,updating,Unknown
E300,Ascorbic acid (vitamin C),antioxidant,Unknown,Approved in the EU.[29],"antioxidants, acidity regulators",updating,Unknown
E301,Sodium ascorbate,antioxidant,Unknown,Approved in the EU.[29],"antioxidants, acidity regulators",updating,Unknown
E302,Calcium ascorbate,antioxidant,Unknown,Approved in the EU.[29],"antioxidants, acidity regulators",updating,Unknown
E303,Potassium ascorbate,antioxidant,Unknown,,"antioxidants, acidity regulators",updating,Unknown
E304,Fatty acid esters of ascorbic acid (Ascorbyl palmitate),antioxidant,Unknown,Approved in the EU.[29],"antioxidants, acidity regulators",updating,Unknown
E305,Ascorbyl stearate,antioxidant,Unknown,,"antioxidants, acidity regulators",updating,Unknown
E306,"Tocopherols (Vitamin E, natural)",antioxidant,Unknown,Approved in the EU.[29],"antioxidants, acidity regulators",updating,Unknown
E307,Alpha-Tocopherol (synthetic),antioxidant,Unknown,Approved in the EU.[29],"antioxidants, acidity regulators",updating,Unknown
E308,Gamma-Tocopherol (synthetic),antioxidant,Unknown,Approved in the EU.[29],"antioxidants, acidity regulators",updating,Unknown
E309,Delta-Tocopherol (synthetic),antioxidant,Unknown,Approved in the EU.[29],"antioxidants, acidity regulators",updating,Unknown
E310,Propyl gallate,antioxidant,Unknown,Approved in the EU.[29],"antioxidants, acidity regulators",updating,Unknown
E311,Octyl gallate,antioxidant,Unknown,Approved in the EU.[29],"antioxidants, acidity regulators",updating,Unknown
E312,Dodecyl gallate,antioxidant,Unknown,Approved in the EU.[29],"antioxidants, acidity regulators",updating,Unknown
E313,Ethyl gallate,antioxidant,Unknown,,"antioxidants, acidity regulators",updating,Unknown
E314,Guaiac resin,antioxidant,Unknown,,"antioxidants, acidity regulators",updating,Unknown
E315,Erythorbic acid,antioxidant,Unknown,Approved in the EU.[29],"antioxidants, acidity regulators",updating,Unknown
E316,Sodium erythorbate,antioxidant,Unknown,Approved in the EU.[29],"antioxidants, acidity regulators",updating,Unknown
E317,Erythorbin acid[citation needed],antioxidant,Unknown,,"antioxidants, acidity regulators",updating,Unknown
E318,Sodium erythorbin[citation needed],antioxidant,Unknown,,"antioxidants, acidity regulators",updating,Unknown
E319,tert-Butylhydroquinone (TBHQ),antioxidant,Unknown,Approved in the EU.[29],"antioxidants, acidity regulators",updating,Unknown
E320,Butylated hydroxyanisole (BHA),antioxidant,Unknown,Approved in the EU.[29],"antioxidants, acidity regulators",updating,Unknown
E321,Butylated hydroxytoluene (BHT),antioxidant,Unknown,Approved in the EU.[29],"antioxidants, acidity regulators",updating,Unknown
E322,Lecithin,emulsifier,Unknown,Approved in the EU.[30],"antioxidants, acidity regulators",updating,Unknown
E323,Anoxomer,antioxidant,Unknown,,"antioxidants, acidity regulators",updating,Unknown
E324,Ethoxyquin,antioxidant,Unknown,,"antioxidants, acidity regulators",updating,Unknown
E325,Sodium lactate,acidity regulator,Unknown,Approved in the EU.[26],"antioxidants, acidity regulators",updating,Unknown
E326,Potassium lactate (antioxidant),acidity regulator,Unknown,Approved in the EU.[26],"antioxidants, acidity regulators",updating,Unknown
E327,Calcium lactate,acidity regulator,Unknown,Approved in the EU.[26],"antioxidants, acidity regulators",updating,Unknown
E328,Ammonium lactate,acidity regulator,Unknown,,"antioxidants, acidity regulators",updating,Unknown
E329,Magnesium lactate,acidity regulator,Unknown,,"antioxidants, acidity regulators",updating,Unknown
E330,Citric acid,"acid, acidity regulator",Unknown,Approved in the EU.[26],"antioxidants, acidity regulators",updating,Unknown
E331,Sodium citrates,acidity regulator,Unknown,Approved in the EU.[26],"antioxidants, acidity regulators",updating,Unknown
,(i) Monosodium citrate,,Unknown,,"antioxidants, acidity regulators",updating,Unknown
,(ii) Disodium citrate,,Unknown,,"antioxidants, acidity regulators",updating,Unknown
,(iii) Sodium citrate (trisodium citrate),,Unknown,,"antioxidants, acidity regulators",updating,Unknown
E332,Potassium citrates,acidity regulator,Unknown,Approved in the EU.[26],"antioxidants, acidity regulators",updating,Unknown
,(i) Monopotassium citrate,,Unknown,,"antioxidants, acidity regulators",updating,Unknown
,(ii) Potassium citrate (tripotassium citrate),,Unknown,,"antioxidants, acidity regulators",updating,Unknown
E333,Calcium citrates,"acidity regulator,",Unknown,Approved in the EU.[26],"antioxidants, acidity regulators",updating,Unknown
,(i) Monocalcium citrate,"firming agent,",Unknown,,"antioxidants, acidity regulators",updating,Unknown
,(ii) Dicalcium citrate,sequestrant,Unknown,,"antioxidants, acidity regulators",updating,Unknown
,(iii) Calcium citrate (tricalcium citrate),,Unknown,,"antioxidants, acidity regulators",updating,Unknown
E334,Tartaric acid (L(+)-),(acid),Unknown,Approved in the EU.[26],"antioxidants, acidity regulators",updating,Unknown
E335,Sodium tartrates,acidity regulator,Unknown,Approved in the EU.[26],"antioxidants, acidity regulators",updating,Unknown
,(i) Monosodium tartrate,,Unknown,,"antioxidants, acidity regulators",updating,Unknown
,(ii) Disodium tartrate,,Unknown,,"antioxidants, acidity regulators",updating,Unknown
E336,Potassium tartrates,acidity regulator,Unknown,Approved in the EU.[26],"antioxidants, acidity regulators",updating,Unknown
,(i) Monopotassium tartrate (cream of tartar),,Unknown,,"antioxidants, acidity regulators",updating,Unknown
,(ii) Dipotassium tartrate,,Unknown,,"antioxidants, acidity regulators",updating,Unknown
E337,Sodium potassium tartrate,acidity regulator,Unknown,Approved in the EU.[26],"antioxidants, acidity regulators",updating,Unknown
E338,Phosphoric acid,acid,Unknown,Approved in the EU.[26],"antioxidants, acidity regulators",updating,Unknown
E339,Sodium phosphates,antioxidant,Unknown,Approved in the EU.[26],"antioxidants, acidity regulators",updating,Unknown
,(i) Monosodium phosphate,,Unknown,,"antioxidants, acidity regulators",updating,Unknown
,(ii) Disodium phosphate,,Unknown,,"antioxidants, acidity regulators",updating,Unknown
,(iii) Trisodium phosphate,,Unknown,,"antioxidants, acidity regulators",updating,Unknown
E340,Potassium phosphates,antioxidant,Unknown,Approved in the EU.[26],"antioxidants, acidity regulators",updating,Unknown
,(i) Monopotassium phosphate,,Unknown,,"antioxidants, acidity regulators",updating,Unknown
,(ii) Dipotassium phosphate,,Unknown,,"antioxidants, acidity regulators",updating,Unknown
,(iii) Tripotassium phosphate,,Unknown,,"antioxidants, acidity regulators",updating,Unknown
E341,Calcium phosphates,"anti-caking agent,",Unknown,Approved in the EU.[26],"antioxidants, acidity regulators",updating,Unknown
,(i) Monocalcium phosphate,firming agent,Unknown,,"antioxidants, acidity regulators",updating,Unknown
,(ii) Dicalcium phosphate,,Unknown,,"antioxidants, acidity regulators",updating,Unknown
,(iii) Tricalcium phosphate,,Unknown,,"antioxidants, acidity regulators",updating,Unknown
E342,Ammonium phosphates:,,Unknown,,"antioxidants, acidity regulators",updating,Unknown
,(i) monoammonium phosphate,,Unknown,,"antioxidants, acidity regulators",updating,Unknown
,(ii) diammonium phosphate,,Unknown,,"antioxidants, acidity regulators",updating,Unknown
E343,Magnesium phosphates,anti-caking agent,Unknown,Approved in the EU.[26] This additive is under discussion and may be included in a future amendment to the Directive on miscellaneous additives.,"antioxidants, acidity regulators",updating,Unknown
,(i) monomagnesium phosphate,,Unknown,,"antioxidants, acidity regulators",updating,Unknown
,(ii) Dimagnesium phosphate,,Unknown,,"antioxidants, acidity regulators",updating,Unknown
E344,Lecithin citrate,acidity regulator,Unknown,Not approved in the UK[31],"antioxidants, acidity regulators",updating,Unknown
E345,Magnesium citrate,acidity regulator,Unknown,,"antioxidants, acidity regulators",updating,Unknown
E349,Ammonium malate,acidity regulator,Unknown,,"antioxidants, acidity regulators",updating,Unknown
E350,Sodium malates,acidity regulator,Unknown,Approved in the EU.[26],"antioxidants, acidity regulators",updating,Unknown
,(i) Sodium malate,,Unknown,,"antioxidants, acidity regulators",updating,Unknown
,(ii) Sodium hydrogen malate,,Unknown,,"antioxidants, acidity regulators",updating,Unknown
E351,Potassium malate,acidity regulator,Unknown,Approved in the EU.[26],"antioxidants, acidity regulators",updating,Unknown
E352,Calcium malates,acidity regulator,Unknown,Approved in the EU.[26],"antioxidants, acidity regulators",updating,Unknown
,(i) Calcium malate,,Unknown,,"antioxidants, acidity regulators",updating,Unknown
,(ii) Calcium hydrogen malate,,Unknown,,"antioxidants, acidity regulators",updating,Unknown
E353,Metatartaric acid,emulsifier,Unknown,Approved in the EU.[26],"antioxidants, acidity regulators",updating,Unknown
E354,Calcium tartrate,emulsifier,Unknown,Approved in the EU.[26],"antioxidants, acidity regulators",updating,Unknown
E355,Adipic acid,acidity regulator,Unknown,Approved in the EU.[26],"antioxidants, acidity regulators",updating,Unknown
E356,Sodium adipate,acidity regulator,Unknown,Approved in the EU.[26],"antioxidants, acidity regulators",updating,Unknown
E357,Potassium adipate,acidity regulator,Unknown,Approved in the EU.[26],"antioxidants, acidity regulators",updating,Unknown
E359,Ammonium adipate,acidity regulator,Unknown,,"antioxidants, acidity regulators",updating,Unknown
E363,Succinic acid,acidity regulator,Unknown,Approved in the EU.[26],"antioxidants, acidity regulators",updating,Unknown
E365,Monosodium fumarate,acidity regulator,Unknown,,"antioxidants, acidity regulators",updating,Unknown
E366,Potassium fumarate,acidity regulator,Unknown,,"antioxidants, acidity regulators",updating,Unknown
E367,Calcium fumarate,acidity regulator,Unknown,,"antioxidants, acidity regulators",updating,Unknown
E368,Ammonium fumarate,acidity regulator,Unknown,,"antioxidants, acidity regulators",updating,Unknown
E370,"1,4-Heptonolactone",acidity regulator,Unknown,,"antioxidants, acidity regulators",updating,Unknown
E375,Niacin,acidity regulator,Unknown,,"antioxidants, acidity regulators",updating,Unknown
E380,Triammonium citrate,acidity regulator,Unknown,Approved in the EU.[26],"antioxidants, acidity regulators",updating,Unknown
E381,Ammonium ferric citrate,acidity regulator,Unknown,,"antioxidants, acidity regulators",updating,Unknown
E383,Calcium glycerylphosphate,acidity regulator,Unknown,,"antioxidants, acidity regulators",updating,Unknown
E384,Isopropyl citrate,acidity regulator,Unknown,,"antioxidants, acidity regulators",updating,Unknown
E385,"Calcium disodium ethylene diamine tetraacetate, (Calcium disodium EDTA)",sequestrant,Unknown,Approved in the EU.[26],"antioxidants, acidity regulators",updating,Unknown
E386,Disodium ethylene diamine tetraacetate (Disodium EDTA),sequestrant,Unknown,,"antioxidants, acidity regulators",updating,Unknown
E387,Oxystearin,stabiliser,Unknown,,"antioxidants, acidity regulators",updating,Unknown
E388,Thiodipropionic acid,,Unknown,,"antioxidants, acidity regulators",updating,Unknown
E389,Dilauryl thiodipropionate,,Unknown,,"antioxidants, acidity regulators",updating,Unknown
E390,Distearyl thiodipropionate,,Unknown,,"antioxidants, acidity regulators",updating,Unknown
E391,Phytic acid,,Unknown,,"antioxidants, acidity regulators",updating,Unknown
E392,Carnosic acid,,Unknown,Approved in 2010[32],"antioxidants, acidity regulators",updating,Unknown
E399,Calcium lactobionate,,Unknown,,"antioxidants, acidity regulators",updating,Unknown
E400,Alginic acid (thickener) (stabiliser) (gelling agent),emulsifier,Unknown,Approved in the EU.[30],"thickeners, stabilisers, emulsifiers",updating,Unknown
E401,Sodium alginate (thickener) (stabiliser) (gelling agent),emulsifier,Unknown,Approved in the EU.[30],"thickeners, stabilisers, emulsifiers",updating,Unknown
E402,Potassium alginate (thickener) (stabiliser) (gelling agent),emulsifier,Unknown,Approved in the EU.[30],"thickeners, stabilisers, emulsifiers",updating,Unknown
E403,Ammonium alginate (thickener) (stabiliser),emulsifier,Unknown,Approved in the EU.[30],"thickeners, stabilisers, emulsifiers",updating,Unknown
E404,Calcium alginate (thickener) (stabiliser) (gelling agent),emulsifier,Unknown,Approved in the EU.[30],"thickeners, stabilisers, emulsifiers",updating,Unknown
E405,"Propane-1,2-diol alginate (Propylene glycol alginate) (thickener) (stabiliser)",emulsifier,Unknown,Approved in the EU.[30],"thickeners, stabilisers, emulsifiers",updating,Unknown
E406,Agar (thickener) (gelling agent),stabiliser,Unknown,Approved in the EU.[30],"thickeners, stabilisers, emulsifiers",updating,Unknown
E407,Carrageenan (thickener) (stabiliser) (gelling agent),emulsifier,Unknown,Approved in the EU.[30],"thickeners, stabilisers, emulsifiers",updating,Unknown
E407a,Processed eucheuma seaweed (thickener) (stabiliser) (gelling agent),emulsifier,Unknown,Approved in the EU.[30],"thickeners, stabilisers, emulsifiers",updating,Unknown
E408,Bakers yeast glycan,,Unknown,,"thickeners, stabilisers, emulsifiers",updating,Unknown
E409,Arabinogalactan,,Unknown,,"thickeners, stabilisers, emulsifiers",updating,Unknown
E410,Locust bean gum (Carob gum) (thickener) (stabiliser) (gelling agent),emulsifier,Unknown,Approved in the EU.[30],"thickeners, stabilisers, emulsifiers",updating,Unknown
E411,Oat gum (thickener),stabiliser,Unknown,,"thickeners, stabilisers, emulsifiers",updating,Unknown
E412,Guar gum (thickener),stabiliser,Unknown,Approved in the EU.[30],"thickeners, stabilisers, emulsifiers",updating,Unknown
E413,Tragacanth (thickener) (stabiliser),emulsifier,Unknown,Approved in the EU.[30],"thickeners, stabilisers, emulsifiers",updating,Unknown
E414,Acacia gum (gum arabic) (thickener) (stabiliser),emulsifier,Unknown,Approved in the EU.[30],"thickeners, stabilisers, emulsifiers",updating,Unknown
E415,Xanthan gum (thickener),stabiliser,Unknown,Approved in the EU.[30],"thickeners, stabilisers, emulsifiers",updating,Unknown
E416,Karaya gum (thickener) (stabiliser),emulsifier,Unknown,Approved in the EU.[30],"thickeners, stabilisers, emulsifiers",updating,Unknown
E417,Tara gum (thickener),stabiliser,Unknown,Approved in the EU.[30],"thickeners, stabilisers, emulsifiers",updating,Unknown
E418,Gellan gum (thickener) (stabiliser),emulsifier,Unknown,Approved in the EU.[30],"thickeners, stabilisers, emulsifiers",updating,Unknown
E419,Gum ghatti (thickener) (stabiliser),emulsifier,Unknown,,"thickeners, stabilisers, emulsifiers",updating,Unknown
E420,"Sorbitol 
(i) Sorbitol 
(ii) Sorbitol syrup (emulsifier) (sweetener)",humectant,Unknown,Approved in the EU.[33],"thickeners, stabilisers, emulsifiers",updating,Unknown
E421,Mannitol (anti-caking agent),sweetener,Unknown,Approved in the EU.[33],"thickeners, stabilisers, emulsifiers",updating,Unknown
E422,Glycerol (emulsifier),sweetener,Unknown,Approved in the EU.[26],"thickeners, stabilisers, emulsifiers",updating,Unknown
E424,Curdlan,gelling agent,Unknown,,"thickeners, stabilisers, emulsifiers",updating,Unknown
E425,Konjac (i) Konjac gum (ii) Konjac glucomannane,emulsifier,Unknown,Approved in the EU.[30] May not be used in confectionery owing to choking risk.[citation needed],"thickeners, stabilisers, emulsifiers",updating,Unknown
E426,Soybean hemicellulose,,Unknown,Approved in the EU.[30],"thickeners, stabilisers, emulsifiers",updating,Unknown
E427,Cassia gum,,Unknown,Approved in 2010[32],"thickeners, stabilisers, emulsifiers",updating,Unknown
E428,Gelatin,,Unknown,,"thickeners, stabilisers, emulsifiers",updating,Unknown
E429,Peptones,,Unknown,,"thickeners, stabilisers, emulsifiers",updating,Unknown
E430,Polyoxyethene (8) stearate (emulsifier),stabiliser,Unknown,,"thickeners, stabilisers, emulsifiers",updating,Unknown
E431,Polyoxyethene (40) stearate,emulsifier,Unknown,Approved in the EU.[26],"thickeners, stabilisers, emulsifiers",updating,Unknown
E432,Polyoxyethene (20) sorbitan monolaurate (polysorbate 20),emulsifier,Unknown,Approved in the EU.[30],"thickeners, stabilisers, emulsifiers",updating,Unknown
E433,Polyoxyethene (20) sorbitan monooleate (polysorbate 80),emulsifier,Unknown,Approved in the EU.[30],"thickeners, stabilisers, emulsifiers",updating,Unknown
E434,Polyoxyethene (20) sorbitan monopalmitate (polysorbate 40),emulsifier,Unknown,Approved in the EU.[30],"thickeners, stabilisers, emulsifiers",updating,Unknown
E435,Polyoxyethene (20) sorbitan monostearate (polysorbate 60),emulsifier,Unknown,Approved in the EU.[30],"thickeners, stabilisers, emulsifiers",updating,Unknown
E436,Polyoxyethene (20) sorbitan tristearate (polysorbate 65),emulsifier,Unknown,Approved in the EU.[30],"thickeners, stabilisers, emulsifiers",updating,Unknown
E440,Pectins (i) pectin^p(ii) amidated pectin,emulsifier,Unknown,Approved in the EU.[30],"thickeners, stabilisers, emulsifiers",updating,Unknown
E441,Gelatine (emulsifier),gelling agent,Unknown,,"thickeners, stabilisers, emulsifiers",updating,Unknown
E442,Ammonium phosphatides,emulsifier,Unknown,Approved in the EU.[30],"thickeners, stabilisers, emulsifiers",updating,Unknown
E443,Brominated vegetable oil,emulsifier,Unknown,,"thickeners, stabilisers, emulsifiers",updating,Unknown
E444,Sucrose acetate isobutyrate,emulsifier,Unknown,,"thickeners, stabilisers, emulsifiers",updating,Unknown
E445,Glycerol esters of wood rosins,emulsifier,Unknown,Approved in the EU.[30],"thickeners, stabilisers, emulsifiers",updating,Unknown
E446,Succistearin,,Unknown,,"thickeners, stabilisers, emulsifiers",updating,Unknown
E450,Diphosphates:,emulsifier,Unknown,Approved in the EU.[26],"thickeners, stabilisers, emulsifiers",updating,Unknown
,(i) Disodium diphosphate,,Unknown,,"thickeners, stabilisers, emulsifiers",updating,Unknown
,(ii) Trisodium diphosphate,,Unknown,,"thickeners, stabilisers, emulsifiers",updating,Unknown
,(iii) Tetrasodium diphosphate,,Unknown,,"thickeners, stabilisers, emulsifiers",updating,Unknown
,(iv) Dipotassium diphosphate,,Unknown,,"thickeners, stabilisers, emulsifiers",updating,Unknown
,(v) Tetrapotassium diphosphate,,Unknown,,"thickeners, stabilisers, emulsifiers",updating,Unknown
,(vi) Dicalcium diphosphate,,Unknown,,"thickeners, stabilisers, emulsifiers",updating,Unknown
,(vii) Calcium dihydrogen diphosphate,,Unknown,,"thickeners, stabilisers, emulsifiers",updating,Unknown
E451,Triphosphates:,emulsifier,Unknown,Approved in the EU.[26],"thickeners, stabilisers, emulsifiers",updating,Unknown
,(i) Sodium triphosphate (pentasodium triphosphate),,Unknown,,"thickeners, stabilisers, emulsifiers",updating,Unknown
,(ii) Pentapotassium triphosphate,,Unknown,,"thickeners, stabilisers, emulsifiers",updating,Unknown
E452,Polyphosphates:,emulsifier,Unknown,Approved in the EU.[26],"thickeners, stabilisers, emulsifiers",updating,Unknown
,(i) Sodium polyphosphates,,Unknown,,"thickeners, stabilisers, emulsifiers",updating,Unknown
,(ii) Potassium polyphosphates,,Unknown,,"thickeners, stabilisers, emulsifiers",updating,Unknown
,(iii) Sodium calcium polyphosphate,,Unknown,,"thickeners, stabilisers, emulsifiers",updating,Unknown
,(iv) Calcium polyphosphates,,Unknown,,"thickeners, stabilisers, emulsifiers",updating,Unknown
,(v) Ammonium polyphosphate,,Unknown,,"thickeners, stabilisers, emulsifiers",updating,Unknown
E459,Beta-cyclodextrin,emulsifier,Unknown,Approved in the EU.[26],"thickeners, stabilisers, emulsifiers",updating,Unknown
E460,Cellulose (i) Microcrystalline cellulose (ii) Powdered cellulose,emulsifier,Unknown,Approved in the EU.[30],"thickeners, stabilisers, emulsifiers",updating,Unknown
E461,Methyl cellulose,emulsifier,Unknown,Approved in the EU.[30],"thickeners, stabilisers, emulsifiers",updating,Unknown
E462,Ethyl cellulose,emulsifier,Unknown,Approved in the EU.[30],"thickeners, stabilisers, emulsifiers",updating,Unknown
E463,Hydroxypropyl cellulose,emulsifier,Unknown,Approved in the EU.[30],"thickeners, stabilisers, emulsifiers",updating,Unknown
E464,Hypromellose (hydroxypropyl methylcellulose),emulsifier,Unknown,Approved in the EU.[30],"thickeners, stabilisers, emulsifiers",updating,Unknown
E465,Ethyl methyl cellulose,emulsifier,Unknown,Approved in the EU.[30],"thickeners, stabilisers, emulsifiers",updating,Unknown
E466,"Carboxymethyl cellulose, Sodium carboxymethyl cellulose",emulsifier,Unknown,Approved in the EU.[30],"thickeners, stabilisers, emulsifiers",updating,Unknown
E467,Ethyl hydroxyethyl cellulose,,Unknown,,"thickeners, stabilisers, emulsifiers",updating,Unknown
E468,Crosslinked sodium carboxymethyl cellulose (Croscarmellose),emulsifier,Unknown,Approved in the EU.[30] This additive is under discussion and may be included in a future amendment to the Directive on miscellaneous additives,"thickeners, stabilisers, emulsifiers",updating,Unknown
E469,Enzymically hydrolysed carboxymethylcellulose,emulsifier,Unknown,Approved in the EU.[30],"thickeners, stabilisers, emulsifiers",updating,Unknown
E470a,"Sodium, potassium and calcium salts of fatty acids (emulsifier)",anti-caking agent,Unknown,Approved in the EU.[30],"thickeners, stabilisers, emulsifiers",updating,Unknown
E470b,Magnesium salts of fatty acids (emulsifier),anti-caking agent,Unknown,Approved in the EU.[30],"thickeners, stabilisers, emulsifiers",updating,Unknown
E471,"Mono- and diglycerides of fatty acids (glyceryl monostearate, glyceryl distearate)",emulsifier,Unknown,Approved in the EU.[30],"thickeners, stabilisers, emulsifiers",updating,Unknown
E472a,Acetic acid esters of mono- and diglycerides of fatty acids,emulsifier,Unknown,Approved in the EU.[30],"thickeners, stabilisers, emulsifiers",updating,Unknown
E472b,Lactic acid esters of mono- and diglycerides of fatty acids,emulsifier,Unknown,Approved in the EU.[30],"thickeners, stabilisers, emulsifiers",updating,Unknown
E472c,Citric acid esters of mono- and diglycerides of fatty acids,emulsifier,Unknown,Approved in the EU.[30],"thickeners, stabilisers, emulsifiers",updating,Unknown
E472d,Tartaric acid esters of mono- and diglycerides of fatty acids,emulsifier,Unknown,Approved in the EU.[30],"thickeners, stabilisers, emulsifiers",updating,Unknown
E472e,Mono- and diacetyl tartaric acid esters of mono- and diglycerides of fatty acids,emulsifier,Unknown,Approved in the EU.[30],"thickeners, stabilisers, emulsifiers",updating,Unknown
E472f,Mixed acetic and tartaric acid esters of mono- and diglycerides of fatty acids,emulsifier,Unknown,Approved in the EU.[30],"thickeners, stabilisers, emulsifiers",updating,Unknown
E472g,Succinylated monoglycerides,emulsifier,Unknown,,"thickeners, stabilisers, emulsifiers",updating,Unknown
E473,Sucrose esters of fatty acids,emulsifier,Unknown,Approved in the EU.[30],"thickeners, stabilisers, emulsifiers",updating,Unknown
E474,Sucroglycerides,emulsifier,Unknown,Approved in the EU.[30],"thickeners, stabilisers, emulsifiers",updating,Unknown
E475,Polyglycerol esters of fatty acids,emulsifier,Unknown,Approved in the EU.[30],"thickeners, stabilisers, emulsifiers",updating,Unknown
E476,Polyglycerol polyricinoleate,emulsifier,Unknown,Approved in the EU.[30],"thickeners, stabilisers, emulsifiers",updating,Unknown
E477,"Propane-1,2-diol esters of fatty acids, propylene glycol esters of fatty acids",emulsifier,Unknown,Approved in the EU.[30],"thickeners, stabilisers, emulsifiers",updating,Unknown
E478,Lactylated fatty acid esters of glycerol and propane-1,emulsifier,Unknown,,"thickeners, stabilisers, emulsifiers",updating,Unknown
E479b,Thermally oxidized soya bean oil interacted with mono- and diglycerides of fatty acids,emulsifier,Unknown,Approved in the EU.[30],"thickeners, stabilisers, emulsifiers",updating,Unknown
E480,Dioctyl sodium sulfosuccinate,emulsifier,Unknown,,"thickeners, stabilisers, emulsifiers",updating,Unknown
E481,Sodium stearoyl-2-lactylate,emulsifier,Unknown,Approved in the EU.[30],"thickeners, stabilisers, emulsifiers",updating,Unknown
E482,Calcium stearoyl-2-lactylate,emulsifier,Unknown,Approved in the EU.[30],"thickeners, stabilisers, emulsifiers",updating,Unknown
E483,Stearyl tartrate,emulsifier,Unknown,Approved in the EU.[30],"thickeners, stabilisers, emulsifiers",updating,Unknown
E484,Stearyl citrate,emulsifier,Unknown,,"thickeners, stabilisers, emulsifiers",updating,Unknown
E485,Sodium stearoyl fumarate,emulsifier,Unknown,,"thickeners, stabilisers, emulsifiers",updating,Unknown
E486,Calcium stearoyl fumarate,emulsifier,Unknown,,"thickeners, stabilisers, emulsifiers",updating,Unknown
E487,Sodium laurylsulfate,emulsifier,Unknown,,"thickeners, stabilisers, emulsifiers",updating,Unknown
E488,Ethoxylated Mono- and Di-Glycerides,emulsifier,Unknown,,"thickeners, stabilisers, emulsifiers",updating,Unknown
E489,Methyl glucoside-coconut oil ester,emulsifier,Unknown,,"thickeners, stabilisers, emulsifiers",updating,Unknown
E490,"Propane-1,2-diol",,Unknown,,"thickeners, stabilisers, emulsifiers",updating,Unknown
E491,Sorbitan monostearate,emulsifier,Unknown,Approved in the EU.[30],"thickeners, stabilisers, emulsifiers",updating,Unknown
E492,Sorbitan tristearate,emulsifier,Unknown,Approved in the EU.[30],"thickeners, stabilisers, emulsifiers",updating,Unknown
E493,Sorbitan monolaurate,emulsifier,Unknown,Approved in the EU.[30],"thickeners, stabilisers, emulsifiers",updating,Unknown
E494,Sorbitan monooleate,emulsifier,Unknown,Approved in the EU.[30],"thickeners, stabilisers, emulsifiers",updating,Unknown
E495,Sorbitan monopalmitate,emulsifier,Unknown,Approved in the EU.[30],"thickeners, stabilisers, emulsifiers",updating,Unknown
E496,Sorbitan trioleate,emulsifier,Unknown,,"thickeners, stabilisers, emulsifiers",updating,Unknown
E497,Polyoxypropylene-polyoxyethylene polymers,,Unknown,,"thickeners, stabilisers, emulsifiers",updating,Unknown
E498,Partial polyglycerol esters of polycondensed fatty acids of castor oil,,Unknown,,"thickeners, stabilisers, emulsifiers",updating,Unknown
E499,Stigmasterol-rich plant sterols,,Unknown,Approved in the EU.[30],"thickeners, stabilisers, emulsifiers",updating,Unknown
E500,"Sodium carbonates: 
(i) Sodium carbonate 
(ii) Sodium bicarbonate (Sodium hydrogen carbonate) 
(iii) Sodium sesquicarbonate (acidity regulator)",raising agent,Unknown,Approved in the EU.[26],"acidity regulators, anti-caking agents",updating,Unknown
E501,"Potassium carbonates: 
(i) Potassium carbonate 
(ii) Potassium bicarbonate (Potassium hydrogen carbonate)",acidity regulator,Unknown,Approved in the EU.[26],"acidity regulators, anti-caking agents",updating,Unknown
E503,"Ammonium carbonates: 
(i) Ammonium carbonate 
(ii) Ammonium bicarbonate (Ammonium hydrogen carbonate)",acidity regulator,Unknown,Approved in the EU.[26],"acidity regulators, anti-caking agents",updating,Unknown
E504,"Magnesium carbonates: 
(i) Magnesium carbonate 
(ii) Magnesium bicarbonate Magnesium hydrogen carbonate","acidity regulator, anti-caking agent",Unknown,Approved in the EU.[26],"acidity regulators, anti-caking agents",updating,Unknown
E505,Ferrous carbonate,acidity regulator,Unknown,,"acidity regulators, anti-caking agents",updating,Unknown
E507,Hydrochloric acid,acid,Unknown,Approved in the EU.[26],"acidity regulators, anti-caking agents",updating,Unknown
E508,Potassium chloride (gelling agent),seasoning,Unknown,Approved in the EU.[26],"acidity regulators, anti-caking agents",updating,Unknown
E509,Calcium chloride (sequestrant),firming agent,Unknown,Approved in the EU.[26],"acidity regulators, anti-caking agents",updating,Unknown
E510,"Ammonium chloride, ammonia solution (acidity regulator)",improving agent,Unknown,,"acidity regulators, anti-caking agents",updating,Unknown
E511,Magnesium chloride,firming agent,Unknown,Approved in the EU.[26],"acidity regulators, anti-caking agents",updating,Unknown
E512,Stannous chloride,antioxidant,Unknown,Approved in the EU.[26],"acidity regulators, anti-caking agents",updating,Unknown
E513,Sulfuric acid,acid,Unknown,Approved in the EU.[26],"acidity regulators, anti-caking agents",updating,Unknown
E514,"Sodium sulfates 
(i) Sodium sulfate 
(ii) sodium bisulfate",acid,Unknown,Approved in the EU.[26],"acidity regulators, anti-caking agents",updating,Unknown
E515,"Potassium sulfates 
(i) potassium sulfate 
(ii) potassium bisulfate",,Unknown,Approved in the EU.[26],"acidity regulators, anti-caking agents",updating,Unknown
E516,Calcium sulfate,,Unknown,Approved in the EU.[26],"acidity regulators, anti-caking agents",updating,Unknown
E517,Ammonium sulfate,acidity regulator,Unknown,Approved in the EU.[26],"acidity regulators, anti-caking agents",updating,Unknown
E518,"Magnesium sulfate (Epsom salts), (acidity regulator)",firming agent,Unknown,,"acidity regulators, anti-caking agents",updating,Unknown
E519,Copper(II) sulfate,preservative,Unknown,,"acidity regulators, anti-caking agents",updating,Unknown
E520,Aluminium sulfate,firming agent,Unknown,Approved in the EU.[26],"acidity regulators, anti-caking agents",updating,Unknown
E521,Aluminium sodium sulfate,firming agent,Unknown,Approved in the EU.[26],"acidity regulators, anti-caking agents",updating,Unknown
E522,Aluminium potassium sulfate,acidity regulator,Unknown,Approved in the EU.[26],"acidity regulators, anti-caking agents",updating,Unknown
E523,Aluminium ammonium sulfate,acidity regulator,Unknown,Approved in the EU.[26],"acidity regulators, anti-caking agents",updating,Unknown
E524,Sodium hydroxide,acidity regulator,Unknown,Approved in the EU.[26],"acidity regulators, anti-caking agents",updating,Unknown
E525,Potassium hydroxide,acidity regulator,Unknown,Approved in the EU.[26],"acidity regulators, anti-caking agents",updating,Unknown
E526,Calcium hydroxide (acidity regulator),firming agent,Unknown,Approved in the EU.[26],"acidity regulators, anti-caking agents",updating,Unknown
E527,Ammonium hydroxide,acidity regulator,Unknown,Approved in the EU.[26],"acidity regulators, anti-caking agents",updating,Unknown
E528,Magnesium hydroxide,acidity regulator,Unknown,Approved in the EU.[26],"acidity regulators, anti-caking agents",updating,Unknown
E529,Calcium oxide (acidity regulator),improving agent,Unknown,Approved in the EU.[26],"acidity regulators, anti-caking agents",updating,Unknown
E530,Magnesium oxide (acidity regulator),anti-caking agent,Unknown,Approved in the EU.[26],"acidity regulators, anti-caking agents",updating,Unknown
E535,Sodium ferrocyanide (acidity regulator),anti-caking agent,Unknown,Approved in the EU.[26],"acidity regulators, anti-caking agents",updating,Unknown
E536,Potassium ferrocyanide,anti-caking agent,Unknown,Approved in the EU.[26],"acidity regulators, anti-caking agents",updating,Unknown
E537,Ferrous hexacyanomanganate,anti-caking agent,Unknown,,"acidity regulators, anti-caking agents",updating,Unknown
E538,Calcium ferrocyanide,anti-caking agent,Unknown,Approved in the EU.[26],"acidity regulators, anti-caking agents",updating,Unknown
E539,Sodium thiosulfate,antioxidant,Unknown,,"acidity regulators, anti-caking agents",updating,Unknown
E540,Dicalcium diphosphate[citation needed] (acidity regulator),emulsifier,Unknown,,"acidity regulators, anti-caking agents",updating,Unknown
E541,Sodium aluminium phosphate (i) Acidic^p(ii) Basic,emulsifier,Unknown,Approved in the EU.[26],"acidity regulators, anti-caking agents",updating,Unknown
E542,"Bone phosphate (Essentiale Calcium Phosphate, Tribasic)",anti-caking agent,Unknown,,"acidity regulators, anti-caking agents",updating,Unknown
E543,Calcium sodium polyphosphate,emulsifier,Unknown,,"acidity regulators, anti-caking agents",updating,Unknown
E544,Calcium polyphosphate,emulsifier,Unknown,,"acidity regulators, anti-caking agents",updating,Unknown
E545,Ammonium polyphosphate,emulsifier,Unknown,,"acidity regulators, anti-caking agents",updating,Unknown
E550,"Sodium Silicates 
(i) Sodium silicate 
(ii) Sodium metasilicate",anti-caking agent,Unknown,,"acidity regulators, anti-caking agents",updating,Unknown
E551,Silicon dioxide (Silica),anti-caking agent,Unknown,Approved in the EU.[26],"acidity regulators, anti-caking agents",updating,Unknown
E552,Calcium silicate,anti-caking agent,Unknown,Approved in the EU.[26],"acidity regulators, anti-caking agents",updating,Unknown
E553a,"(i) Magnesium silicate 
(ii) Magnesium trisilicate",anti-caking agent,Unknown,Approved in the EU.[26],"acidity regulators, anti-caking agents",updating,Unknown
E553b,Talc,anti-caking agent,Unknown,Approved in the EU.[26],"acidity regulators, anti-caking agents",updating,Unknown
E554,Sodium aluminosilicate (sodium aluminium silicate),anti-caking agent,Unknown,removed from list per Commission Regulation (EU) No 380/2012 of 3 May 2012,"acidity regulators, anti-caking agents",updating,Unknown
E555,Potassium aluminium silicate (potassium aluminosilicate),anti-caking agent,Unknown,removed from list per Commission Regulation (EU) No 380/2012 of 3 May 2012,"acidity regulators, anti-caking agents",updating,Unknown
E556,Calcium aluminosilicate (calcium aluminium silicate),anti-caking agent,Unknown,removed from list per Commission Regulation (EU) No 380/2012 of 3 May 2012,"acidity regulators, anti-caking agents",updating,Unknown
E557,Zinc silicate,anti-caking agent,Unknown,removed from list per Commission Regulation (EU) No 380/2012 of 3 May 2012,"acidity regulators, anti-caking agents",updating,Unknown
E558,Bentonite,anti-caking agent,Unknown,removed from list per Commission Regulation (EU) No 380/2012 of 3 May 2012,"acidity regulators, anti-caking agents",updating,Unknown
E559,Aluminium silicate (Kaolin),anti-caking agent,Unknown,removed from list per Commission Regulation (EU) No 380/2012 of 3 May 2012,"acidity regulators, anti-caking agents",updating,Unknown
E560,Potassium silicate,anti-caking agent,Unknown,,"acidity regulators, anti-caking agents",updating,Unknown
E561,Vermiculite,,Unknown,,"acidity regulators, anti-caking agents",updating,Unknown
E562,Sepiolite,,Unknown,,"acidity regulators, anti-caking agents",updating,Unknown
E563,Sepiolitic clay,,Unknown,,"acidity regulators, anti-caking agents",updating,Unknown
E565,Lignosulfonates,,Unknown,,"acidity regulators, anti-caking agents",updating,Unknown
E566,Natrolite-phonolite,,Unknown,,"acidity regulators, anti-caking agents",updating,Unknown
E570,Fatty acids,anti-caking agent,Unknown,Approved in the EU.[26],"acidity regulators, anti-caking agents",updating,Unknown
E572,"Magnesium stearate, calcium stearate (emulsifier)",anti-caking agent,Unknown,,"acidity regulators, anti-caking agents",updating,Unknown
E574,Gluconic acid,acidity regulator,Unknown,Approved in the EU.[26],"acidity regulators, anti-caking agents",updating,Unknown
E575,Glucono delta-lactone (acidity regulator),sequestrant,Unknown,Approved in the EU.[26],"acidity regulators, anti-caking agents",updating,Unknown
E576,Sodium gluconate,sequestrant,Unknown,Approved in the EU.[26],"acidity regulators, anti-caking agents",updating,Unknown
E577,Potassium gluconate,sequestrant,Unknown,Approved in the EU.[26],"acidity regulators, anti-caking agents",updating,Unknown
E578,Calcium gluconate,firming agent,Unknown,Approved in the EU.[26],"acidity regulators, anti-caking agents",updating,Unknown
E579,Ferrous gluconate,food colouring,Unknown,Approved in the EU.[26],"acidity regulators, anti-caking agents",updating,Unknown
E580,Magnesium gluconate,,Unknown,,"acidity regulators, anti-caking agents",updating,Unknown
E585,Ferrous lactate,food colouring,Unknown,Approved in the EU.[26],"acidity regulators, anti-caking agents",updating,Unknown
E586,4-Hexylresorcinol,antioxidant,Unknown,Approved in the EU.[29],"acidity regulators, anti-caking agents",updating,Unknown
E598,Synthetic calcium aluminates,,Unknown,,"acidity regulators, anti-caking agents",updating,Unknown
E599,Perlite,,Unknown,,"acidity regulators, anti-caking agents",updating,Unknown
E620,Glutamic acid,flavour enhancer,Unknown,Approved in the EU.[26],flavour enhancers,updating,Unknown
E621,Monosodium glutamate (MSG),flavour enhancer,Unknown,Approved in the EU.[26],flavour enhancers,updating,Unknown
E622,Monopotassium glutamate,flavour enhancer,Unknown,Approved in the EU.[26],flavour enhancers,updating,Unknown
E623,Calcium diglutamate,flavour enhancer,Unknown,Approved in the EU.[26],flavour enhancers,updating,Unknown
E624,Monoammonium glutamate,flavour enhancer,Unknown,Approved in the EU.[26],flavour enhancers,updating,Unknown
E625,Magnesium diglutamate,flavour enhancer,Unknown,Approved in the EU.[26],flavour enhancers,updating,Unknown
E626,Guanylic acid,flavour enhancer,Unknown,Approved in the EU.[26],flavour enhancers,updating,Unknown
E627,"Disodium guanylate, sodium guanylate",flavour enhancer,Unknown,Approved in the EU.[26],flavour enhancers,updating,Unknown
E628,Dipotassium guanylate,flavour enhancer,Unknown,Approved in the EU.[26],flavour enhancers,updating,Unknown
E629,Calcium guanylate,flavour enhancer,Unknown,Approved in the EU.[26],flavour enhancers,updating,Unknown
E630,Inosinic acid,flavour enhancer,Unknown,Approved in the EU.[26],flavour enhancers,updating,Unknown
E631,Disodium inosinate,flavour enhancer,Unknown,Approved in the EU.[26],flavour enhancers,updating,Unknown
E632,Dipotassium inosinate,flavour enhancer,Unknown,Approved in the EU.[26],flavour enhancers,updating,Unknown
E633,Calcium inosinate,flavour enhancer,Unknown,Approved in the EU.[26],flavour enhancers,updating,Unknown
E634,Calcium 5'-ribonucleotides,flavour enhancer,Unknown,Approved in the EU.[26],flavour enhancers,updating,Unknown
E635,Disodium 5'-ribonucleotides,flavour enhancer,Unknown,Approved in the EU.[26],flavour enhancers,updating,Unknown
E636,Maltol,flavour enhancer,Unknown,,flavour enhancers,updating,Unknown
E637,Ethyl maltol,flavour enhancer,Unknown,,flavour enhancers,updating,Unknown
E640,Glycine and its sodium salt,flavour enhancer,Unknown,Approved in the EU.[26],flavour enhancers,updating,Unknown
E650,Zinc acetate,flavour enhancer,Unknown,Approved in the EU.[26],flavour enhancers,updating,Unknown
E701,Tetracyclines,antibiotic,Unknown,,antibiotics,updating,Unknown
E702,Chlortetracycline,antibiotic,Unknown,,antibiotics,updating,Unknown
E703,Oxytetracycline,antibiotic,Unknown,,antibiotics,updating,Unknown
E704,Oleandomycin,antibiotic,Unknown,,antibiotics,updating,Unknown
E705,Penicillin G potassium,antibiotic,Unknown,,antibiotics,updating,Unknown
E706,Penicillin G sodium,antibiotic,Unknown,,antibiotics,updating,Unknown
E707,Penicillin G procaine,antibiotic,Unknown,,antibiotics,updating,Unknown
E708,Penicillin G benzathine,antibiotic,Unknown,,antibiotics,updating,Unknown
E710,Spiramycins,antibiotic,Unknown,,antibiotics,updating,Unknown
E711,Virginiamycins,antibiotic,Unknown,,antibiotics,updating,Unknown
E712,Flavomycin,antibiotic,Unknown,,antibiotics,updating,Unknown
E713,Tylosin,antibiotic,Unknown,,antibiotics,updating,Unknown
E714,Monensin A,antibiotic,Unknown,,antibiotics,updating,Unknown
E715,Avoparcin,antibiotic,Unknown,,antibiotics,updating,Unknown
E716,Salinomycin,antibiotic,Unknown,,antibiotics,updating,Unknown
E717,Avilamycin,antibiotic,Unknown,,antibiotics,updating,Unknown
E900,Dimethyl polysiloxane (anti-foaming agent),anti-caking agent,Unknown,Approved in the EU.[26],"glazing agents, gases and sweeteners",updating,Unknown
E901,"Beeswax, white and yellow",glazing agent,Unknown,Approved in the EU.[26],"glazing agents, gases and sweeteners",updating,Unknown
E902,Candelilla wax,glazing agent,Unknown,Approved in the EU.[26],"glazing agents, gases and sweeteners",updating,Unknown
E903,Carnauba wax,glazing agent,Unknown,Approved in the EU.[26],"glazing agents, gases and sweeteners",updating,Unknown
E904,Shellac,glazing agent,Unknown,Approved in the EU.[26],"glazing agents, gases and sweeteners",updating,Unknown
E905,Paraffins,,Unknown,Approved in the EU.[26],"glazing agents, gases and sweeteners",updating,Unknown
E905a,Mineral oil,anti-foaming agent,Unknown,,"glazing agents, gases and sweeteners",updating,Unknown
E905b,Petrolatum,,Unknown,,"glazing agents, gases and sweeteners",updating,Unknown
E905c,"Petroleum wax 
(i)Microcrystalline wax 
(ii) Paraffin wax",glazing agent,Unknown,,"glazing agents, gases and sweeteners",updating,Unknown
E906,Gum benzoic,flavour enhancer,Unknown,,"glazing agents, gases and sweeteners",updating,Unknown
E907,Crystalline wax,glazing agent,Unknown,,"glazing agents, gases and sweeteners",updating,Unknown
E908,Rice bran wax,glazing agent,Unknown,,"glazing agents, gases and sweeteners",updating,Unknown
E909,Spermaceti wax,glazing agent,Unknown,,"glazing agents, gases and sweeteners",updating,Unknown
E910,Wax esters,glazing agent,Unknown,,"glazing agents, gases and sweeteners",updating,Unknown
E911,Methyl esters of fatty acids,glazing agent,Unknown,,"glazing agents, gases and sweeteners",updating,Unknown
E912,"Montanic acid esters, Montan acid esters",glazing agent,Unknown,Approved in the EU.[26],"glazing agents, gases and sweeteners",updating,Unknown
E913,"Lanolin, sheep wool grease",glazing agent,Unknown,,"glazing agents, gases and sweeteners",updating,Unknown
E914,"Oxidized polyethylene wax, oxidized polyethylene",glazing agent,Unknown,Approved in the EU.[26],"glazing agents, gases and sweeteners",updating,Unknown
E915,Esters of colophony,glazing agent,Unknown,,"glazing agents, gases and sweeteners",updating,Unknown
E916,Calcium iodate,,Unknown,,"glazing agents, gases and sweeteners",updating,Unknown
E917,Potassium iodate,,Unknown,,"glazing agents, gases and sweeteners",updating,Unknown
E918,Nitrogen oxides,,Unknown,,"glazing agents, gases and sweeteners",updating,Unknown
E919,Nitrosyl chloride,,Unknown,,"glazing agents, gases and sweeteners",updating,Unknown
E920,L-cysteine,improving agent,Unknown,Approved in the EU[35],"glazing agents, gases and sweeteners",updating,Unknown
E921,L-cystine,improving agent,Unknown,,"glazing agents, gases and sweeteners",updating,Unknown
E922,Potassium persulfate,improving agent,Unknown,,"glazing agents, gases and sweeteners",updating,Unknown
E923,Ammonium persulfate,improving agent,Unknown,,"glazing agents, gases and sweeteners",updating,Unknown
E924,Potassium bromate,improving agent,Unknown,Banned in the EU;[36] genotoxic carcinogen[37],"glazing agents, gases and sweeteners",updating,Unknown
E924b,Calcium bromate,improving agent,Unknown,,"glazing agents, gases and sweeteners",updating,Unknown
E925,Chlorine,"preservative, bleach, improving agent",Unknown,,"glazing agents, gases and sweeteners",updating,Unknown
E926,Chlorine dioxide (preservative),bleach,Unknown,,"glazing agents, gases and sweeteners",updating,Unknown
E927a,Azodicarbonamide,improving agent,Unknown,identified as a Substance of Very High Concern in EU.[38],"glazing agents, gases and sweeteners",updating,Unknown
E927b,Carbamide (urea),improving agent,Unknown,Approved in the EU.[26],"glazing agents, gases and sweeteners",updating,Unknown
E928,Benzoyl peroxide (improving agent),bleach,Unknown,,"glazing agents, gases and sweeteners",updating,Unknown
E929,Acetone peroxide,,Unknown,,"glazing agents, gases and sweeteners",updating,Unknown
E930,Calcium peroxide (improving agent),bleach,Unknown,,"glazing agents, gases and sweeteners",updating,Unknown
E938,Argon,packaging gas,Unknown,Approved in the EU.[26],"glazing agents, gases and sweeteners",updating,Unknown
E939,Helium,packaging gas,Unknown,Approved in the EU.[26],"glazing agents, gases and sweeteners",updating,Unknown
E940,Dichlorodifluoromethane,packaging gas,Unknown,"Banned in all countries, in compliance with the Montreal Protocol.","glazing agents, gases and sweeteners",updating,Unknown
E941,Nitrogen (packaging gas),propellant,Unknown,Approved in the EU.[26],"glazing agents, gases and sweeteners",updating,Unknown
E942,Nitrous oxide,propellant,Unknown,Approved in the EU.[26],"glazing agents, gases and sweeteners",updating,Unknown
E943a,Butane,propellant,Unknown,Approved in the EU.[26],"glazing agents, gases and sweeteners",updating,Unknown
E943b,Isobutane,propellant,Unknown,Approved in the EU.[26],"glazing agents, gases and sweeteners",updating,Unknown
E944,Propane,propellant,Unknown,Approved in the EU.[26],"glazing agents, gases and sweeteners",updating,Unknown
E945,Chloropentafluoroethane,propellant,Unknown,"Banned in all countries, in compliance with the Montreal Protocol.","glazing agents, gases and sweeteners",updating,Unknown
E946,Octafluorocyclobutane,propellant,Unknown,"Banned in all countries, in compliance with the Montreal Protocol.","glazing agents, gases and sweeteners",updating,Unknown
E948,Oxygen,packaging gas,Unknown,Approved in the EU.[26],"glazing agents, gases and sweeteners",updating,Unknown
E949,Hydrogen,packaging gas,Unknown,Approved in the EU.[26],"glazing agents, gases and sweeteners",updating,Unknown
E950,Acesulfame potassium,sweetener,Unknown,Approved in the EU.[33],"glazing agents, gases and sweeteners",updating,Unknown
E951,Aspartame,sweetener,Unknown,Approved in the EU.[33],"glazing agents, gases and sweeteners",updating,Unknown
E952,"Cyclamic acid and its sodium and calcium salts, also known as Cyclamate",sweetener,Unknown,Approved in the EU.[33],"glazing agents, gases and sweeteners",updating,Unknown
E953,"Isomalt, Isomaltitol",sweetener,Unknown,Approved in the EU.[33],"glazing agents, gases and sweeteners",updating,Unknown
E954,"Saccharin and its sodium, potassium and calcium salts",sweetener,Unknown,Approved in the EU.[33],"glazing agents, gases and sweeteners",updating,Unknown
E955,Sucralose (Trichlorogalactosucrose),sweetener,Unknown,Approved in the EU.[33],"glazing agents, gases and sweeteners",updating,Unknown
E956,Alitame,sweetener,Unknown,,"glazing agents, gases and sweeteners",updating,Unknown
E957,Thaumatin (sweetener),flavour enhancer,Unknown,Approved in the EU.[33],"glazing agents, gases and sweeteners",updating,Unknown
E958,Glycyrrhizin (sweetener),flavour enhancer,Unknown,,"glazing agents, gases and sweeteners",updating,Unknown
E959,Neohesperidine dihydrochalcone (sweetener),flavour enhancer,Unknown,Approved in the EU.[33],"glazing agents, gases and sweeteners",updating,Unknown
E960,Steviol glycosides,sweetener,Unknown,Approved in the EU.[39],"glazing agents, gases and sweeteners",updating,Unknown
E961,Neotame,sweetener,Unknown,Approved in 2010[32],"glazing agents, gases and sweeteners",updating,Unknown
E962,Aspartame-acesulfame salt (sweetener),stabiliser,Unknown,Approved in the EU.[33],"glazing agents, gases and sweeteners",updating,Unknown
E964,Polyglycitol syrup,sweetener,Unknown,Approved in the EU.[33],"glazing agents, gases and sweeteners",updating,Unknown
E965,"Maltitol 
(i) Maltitol 
(ii) Maltitol syrup (sweetener) (stabiliser)",humectant,Unknown,Approved in the EU.[33],"glazing agents, gases and sweeteners",updating,Unknown
E966,Lactitol,sweetener,Unknown,Approved in the EU.[33],"glazing agents, gases and sweeteners",updating,Unknown
E967,Xylitol,sweetener,Unknown,Approved in the EU.[33],"glazing agents, gases and sweeteners",updating,Unknown
E968,Erythritol,sweetener,Unknown,Approved in the EU.[33],"glazing agents, gases and sweeteners",updating,Unknown
E969,Advantame,sweetener,Unknown,Approved in the EU.[33],"glazing agents, gases and sweeteners",updating,Unknown
E999,Quillaia extract,foaming agent,Unknown,Approved in the EU.[26],"glazing agents, gases and sweeteners",updating,Unknown
E1000,Cholic acid,emulsifier,Unknown,,additional additives,updating,Unknown
E1001,Choline salts,emulsifier,Unknown,,additional additives,updating,Unknown
E1100,Amylase,"stabiliser, flavour enhancer",Unknown,,additional additives,updating,Unknown
E1101,"Proteases ((i)Protease,^p(ii)Papain,^p(iii)Bromelain,^p(iv)Ficin)","stabiliser, flavour enhancer",Unknown,,additional additives,updating,Unknown
E1102,Glucose oxidase,antioxidant,Unknown,,additional additives,updating,Unknown
E1103,Invertase,stabiliser,Unknown,Approved in the EU.[30],additional additives,updating,Unknown
E1104,Lipases,,Unknown,,additional additives,updating,Unknown
E1105,Lysozyme,preservative,Unknown,,additional additives,updating,Unknown
E1200,Polydextrose,"stabiliser, thickening agent, humectant, carrier",Unknown,Approved in the EU.[26],additional additives,updating,Unknown
E1201,Polyvinylpyrrolidone,stabiliser,Unknown,Approved in the EU.[26],additional additives,updating,Unknown
E1202,Polyvinylpolypyrrolidone (carrier),stabiliser,Unknown,Approved in the EU.[26],additional additives,updating,Unknown
E1203,Polyvinyl alcohol,,Unknown,Approved in 2010[32],additional additives,updating,Unknown
E1204,Pullulan,,Unknown,Approved in the EU.[26],additional additives,updating,Unknown
E1400,"Dextrin (Dextrins, roasted starch white and yellow) (stabiliser)",thickening agent,Unknown,,additional additives,updating,Unknown
E1401,Modified starch ((Acid-treated starch) stabiliser),thickening agent,Unknown,,additional additives,updating,Unknown
E1402,Alkaline modified starch (stabiliser),thickening agent,Unknown,,additional additives,updating,Unknown
E1403,Bleached starch (stabiliser),thickening agent,Unknown,,additional additives,updating,Unknown
E1404,Oxidized starch (emulsifier),thickening agent,Unknown,Approved in the EU.[26],additional additives,updating,Unknown
E1405,Enzyme treated starch,,Unknown,,additional additives,updating,Unknown
E1410,Monostarch phosphate (stabiliser),thickening agent,Unknown,Approved in the EU.[26],additional additives,updating,Unknown
E1411,Distarch glycerol (thickening agent),emulsifier,Unknown,,additional additives,updating,Unknown
E1412,Distarch phosphate esterified with sodium trimetasphosphate; esterified with phosphorus oxychloride (stabiliser),thickening agent,Unknown,Approved in the EU.[26],additional additives,updating,Unknown
E1413,Phosphated distarch phosphate (stabiliser),thickening agent,Unknown,Approved in the EU.[26],additional additives,updating,Unknown
E1414,Acetylated distarch phosphate (emulsifier),thickening agent,Unknown,Approved in the EU.[26],additional additives,updating,Unknown
E1420,Starch acetate esterified with acetic anhydride (stabiliser),thickening agent,Unknown,Approved in the EU.[26],additional additives,updating,Unknown
E1421,Starch acetate esterified with vinyl acetate (stabiliser),thickening agent,Unknown,,additional additives,updating,Unknown
E1422,Acetylated distarch adipate (stabiliser),thickening agent,Unknown,Approved in the EU.[26],additional additives,updating,Unknown
E1423,Acetylated distarch glycerol,thickening agent,Unknown,,additional additives,updating,Unknown
E1430,Distarch glycerine (stabiliser),thickening agent,Unknown,,additional additives,updating,Unknown
E1440,Hydroxy propyl starch (emulsifier),thickening agent,Unknown,Approved in the EU.[26],additional additives,updating,Unknown
E1441,Hydroxy propyl distarch glycerine (stabiliser),thickening agent,Unknown,,additional additives,updating,Unknown
E1442,Hydroxy propyl distarch phosphate (stabiliser),thickening agent,Unknown,Approved in the EU.[26],additional additives,updating,Unknown
E1443,Hydroxy propyl distarch glycerol,,Unknown,,additional additives,updating,Unknown
E1450,Starch sodium octenyl succinate (emulsifier) (stabiliser),thickening agent,Unknown,Approved in the EU.[26],additional additives,updating,Unknown
E1451,Acetylated oxidised starch (emulsifier),thickening agent,Unknown,Approved in the EU.[26],additional additives,updating,Unknown
E1452,Starch aluminium octenyl succinate,,Unknown,Approved in the EU.[26],additional additives,updating,Unknown
E1501,Benzylated hydrocarbons,,Unknown,,additional additives,updating,Unknown
E1502,"Butane-1, 3-diol",,Unknown,,additional additives,updating,Unknown
E1503,Castor oil,resolving agent,Unknown,,additional additives,updating,Unknown
E1504,Ethyl acetate,flavour solvent,Unknown,,additional additives,updating,Unknown
E1505,Triethyl citrate,foam stabiliser,Unknown,Approved in the EU.[26],additional additives,updating,Unknown
E1510,Ethanol,,Unknown,,additional additives,updating,Unknown
E1516,Glyceryl monoacetate,flavour solvent,Unknown,,additional additives,updating,Unknown
E1517,Glyceryl diacetate or diacetin,flavour solvent,Unknown,,additional additives,updating,Unknown
E1518,Glyceryl triacetate or triacetin,humectant and flavour solvent,Unknown,Approved in the EU.[26],additional additives,updating,Unknown
E1519,Benzyl alcohol,,Unknown,,additional additives,updating,Unknown
E1520,Propylene glycol,humectant and flavour solvent,Unknown,Approved in the EU.[26],additional additives,updating,Unknown
E1521,Polyethylene glycol 8000[40],,Unknown,Approved in 2010[32],additional additives,updating,Unknown
E1525,Hydroxyethyl cellulose,thickening agent,Unknown,,additional additives,updating,Unknown
